client,mean_rtt,snapshots,retrans
1,6.333333333333333,2072,0
2,2.6296296296296298,2071,0
3,1.5357142857142858,2074,0
4,6.25,2068,0
