client,mean_rtt,snapshots,retrans
1,2.7142857142857144,1148,66
2,3.6785714285714284,1167,56
3,3.1481481481481484,1128,54
4,1.0357142857142858,1155,62
