client,mean_rtt,snapshots,retrans
1.0,203.56666666666666,802.0,6.0
2.0,201.86666666666667,795.0,6.0
3.0,202.76666666666668,802.0,7.0
4.0,201.3,808.0,7.0
,,,
