client,mean_rtt,snapshots,retrans
1,190.10714285714286,738,4
2,224.5,747,3
3,208.82142857142858,739,3
4,225.35714285714286,731,3
