client,mean_rtt,snapshots,retrans
1,4.703703703703703,1554,29
2,1.7037037037037037,1572,18
3,1.25,1482,18
4,4.25,1557,19
